{
  "t0": "2026-03-24T19:07:37+00:00",
  "tfpa_seconds": 68.0,
  "early_window_minutes": 30.0,
  "productive_events_early": 5,
  "orientation_events_early": 5,
  "total_events_early": 10,
  "total_productive_events": 5,
  "session_duration_hours": 0.2313888888888889,
  "epd": 0.16666666666666666,
  "orientation_share": 0.5,
  "tspr": 21.608643457382954
}