{
  "t0": "2026-02-24T18:01:12+00:00",
  "tfpa_seconds": 44.0,
  "early_window_minutes": 30.0,
  "productive_events_early": 1,
  "orientation_events_early": 2,
  "total_events_early": 3,
  "total_productive_events": 8,
  "session_duration_hours": 3.0083333333333333,
  "epd": 0.03333333333333333,
  "orientation_share": 0.6666666666666666,
  "tspr": 2.6592797783933517
}
