{
  "t0": "2026-03-24T19:07:37+00:00",
  "tfpa_seconds": 68.0,
  "early_window_minutes": 30.0,
  "productive_events_early": 4,
  "orientation_events_early": 5,
  "total_events_early": 9,
  "total_productive_events": 4,
  "session_duration_hours": 0.19805555555555557,
  "epd": 0.13333333333333333,
  "orientation_share": 0.5555555555555556,
  "tspr": 20.19635343618513
}