{
  "t0": "2026-03-24T19:07:37+00:00",
  "tfpa_seconds": 68.0,
  "early_window_minutes": 30.0,
  "productive_events_early": 6,
  "orientation_events_early": 5,
  "total_events_early": 11,
  "total_productive_events": 6,
  "session_duration_hours": 0.2980555555555556,
  "epd": 0.2,
  "orientation_share": 0.45454545454545453,
  "tspr": 20.130475302889096
}