{
  "analysis_date": "2026-03-24T19:37:14.017604",
  "agents": {
    "Claude Sonnet 4.6": {
      "days": 3,
      "total_messages": 170,
      "early_messages": 22,
      "late_messages": 148,
      "early_duration_min": 90.0,
      "late_duration_min": 616.9166666666667,
      "overall_early_rate": 0.24444444444444444,
      "overall_late_rate": 0.23990274213156826,
      "overall_ratio": 1.0189314314314315
    },
    "DeepSeek-V3.2": {
      "days": 5,
      "total_messages": 154,
      "early_messages": 21,
      "late_messages": 133,
      "early_duration_min": 150.0,
      "late_duration_min": 1020.5000000000001,
      "overall_early_rate": 0.14,
      "overall_late_rate": 0.13032827045565898,
      "overall_ratio": 1.0742105263157897
    },
    "GPT-5.2": {
      "days": 2,
      "total_messages": 60,
      "early_messages": 14,
      "late_messages": 46,
      "early_duration_min": 60.0,
      "late_duration_min": 413.03333333333336,
      "overall_early_rate": 0.23333333333333334,
      "overall_late_rate": 0.11137115648454522,
      "overall_ratio": 2.095096618357488
    }
  },
  "per_day_details": {
    "Claude Sonnet 4.6": [
      {
        "agent": "Claude Sonnet 4.6",
        "day": "350",
        "total": 78,
        "early": 11,
        "late": 67,
        "session_duration_min": 237.4,
        "late_duration_min": 207.4,
        "early_rate": 0.36666666666666664,
        "late_rate": 0.32304725168756027,
        "ratio": 1.1350248756218906,
        "timestamps": [
          "17:01:25",
          "17:01:25",
          "17:07:36",
          "17:12:51",
          "17:13:53",
          "17:14:01",
          "17:14:01",
          "17:17:42",
          "17:27:06",
          "17:27:15",
          "17:27:15",
          "17:35:28",
          "17:36:14",
          "17:36:23",
          "17:36:23",
          "17:44:21",
          "17:45:18",
          "17:45:27",
          "17:45:27",
          "17:48:59",
          "17:49:06",
          "17:49:06",
          "17:59:05",
          "18:01:28",
          "18:01:40",
          "18:01:40",
          "18:13:27",
          "18:14:23",
          "18:14:38",
          "18:14:38",
          "18:22:38",
          "18:22:48",
          "18:22:48",
          "18:34:21",
          "18:35:19",
          "18:35:32",
          "18:35:32",
          "18:41:38",
          "18:47:46",
          "18:49:08",
          "18:49:18",
          "18:49:18",
          "19:00:21",
          "19:00:33",
          "19:00:33",
          "19:06:21",
          "19:14:02",
          "19:15:08",
          "19:15:19",
          "19:15:19",
          "19:20:49",
          "19:29:13",
          "19:30:20",
          "19:30:31",
          "19:30:31",
          "19:37:35",
          "19:38:17",
          "19:38:25",
          "19:38:25",
          "19:45:28",
          "19:46:53",
          "19:47:01",
          "19:47:01",
          "20:02:48",
          "20:03:47",
          "20:03:55",
          "20:03:55",
          "20:18:52",
          "20:20:06",
          "20:20:17",
          "20:20:17",
          "20:27:25",
          "20:27:33",
          "20:27:33",
          "20:55:51",
          "20:56:00",
          "20:58:49",
          "20:58:49"
        ]
      },
      {
        "agent": "Claude Sonnet 4.6",
        "day": "352",
        "total": 41,
        "early": 6,
        "late": 35,
        "session_duration_min": 232.06666666666666,
        "late_duration_min": 202.06666666666666,
        "early_rate": 0.2,
        "late_rate": 0.17321016166281755,
        "ratio": 1.1546666666666667,
        "timestamps": [
          "17:01:30",
          "17:10:40",
          "17:11:53",
          "17:23:36",
          "17:24:40",
          "17:28:52",
          "17:34:24",
          "17:35:24",
          "17:42:24",
          "17:52:41",
          "17:53:46",
          "18:01:50",
          "18:10:19",
          "18:21:12",
          "18:22:11",
          "18:33:07",
          "18:34:28",
          "18:36:43",
          "18:39:34",
          "18:42:12",
          "18:43:00",
          "18:44:09",
          "18:47:49",
          "18:48:03",
          "19:02:05",
          "19:03:18",
          "19:12:39",
          "19:14:51",
          "19:17:33",
          "19:22:21",
          "19:36:14",
          "19:37:03",
          "19:49:33",
          "19:52:16",
          "19:58:38",
          "20:01:23",
          "20:10:02",
          "20:17:51",
          "20:19:08",
          "20:34:25",
          "20:53:34"
        ]
      },
      {
        "agent": "Claude Sonnet 4.6",
        "day": "356",
        "total": 51,
        "early": 5,
        "late": 46,
        "session_duration_min": 237.45,
        "late_duration_min": 207.45,
        "early_rate": 0.16666666666666666,
        "late_rate": 0.22174017835623042,
        "ratio": 0.7516304347826086,
        "timestamps": [
          "17:01:22",
          "17:03:58",
          "17:17:46",
          "17:19:24",
          "17:24:45",
          "17:33:38",
          "17:35:04",
          "17:49:04",
          "17:49:46",
          "17:50:30",
          "17:59:12",
          "18:00:09",
          "18:05:42",
          "18:10:57",
          "18:13:16",
          "18:14:58",
          "18:16:46",
          "18:20:54",
          "18:22:19",
          "18:24:45",
          "18:27:11",
          "18:30:32",
          "18:31:57",
          "18:35:44",
          "18:44:54",
          "18:46:25",
          "18:46:43",
          "18:49:50",
          "18:52:46",
          "18:53:43",
          "18:54:22",
          "18:55:52",
          "18:58:20",
          "19:30:31",
          "19:32:18",
          "19:37:02",
          "19:38:09",
          "19:44:58",
          "19:48:24",
          "19:49:36",
          "19:53:24",
          "19:58:20",
          "20:05:03",
          "20:13:24",
          "20:14:33",
          "20:16:34",
          "20:23:12",
          "20:37:14",
          "20:39:47",
          "20:55:25",
          "20:58:49"
        ]
      }
    ],
    "DeepSeek-V3.2": [
      {
        "agent": "DeepSeek-V3.2",
        "day": "350",
        "total": 22,
        "early": 4,
        "late": 18,
        "session_duration_min": 230.88333333333333,
        "late_duration_min": 200.88333333333333,
        "early_rate": 0.13333333333333333,
        "late_rate": 0.08960424790508588,
        "ratio": 1.4880246913580246,
        "timestamps": [
          "17:07:50",
          "17:12:17",
          "17:17:36",
          "17:23:21",
          "17:41:42",
          "17:55:01",
          "18:06:08",
          "18:14:36",
          "18:29:41",
          "18:41:29",
          "18:52:49",
          "19:18:43",
          "19:28:20",
          "19:43:29",
          "20:27:26",
          "20:35:53",
          "20:50:13",
          "20:52:10",
          "20:54:59",
          "20:56:21",
          "20:58:08",
          "20:58:43"
        ]
      },
      {
        "agent": "DeepSeek-V3.2",
        "day": "351",
        "total": 28,
        "early": 4,
        "late": 24,
        "session_duration_min": 236.21666666666667,
        "late_duration_min": 206.21666666666667,
        "early_rate": 0.13333333333333333,
        "late_rate": 0.11638244564778145,
        "ratio": 1.1456481481481482,
        "timestamps": [
          "17:01:34",
          "17:04:19",
          "17:17:48",
          "17:25:45",
          "17:32:24",
          "17:42:49",
          "17:55:25",
          "18:04:18",
          "18:13:10",
          "18:26:20",
          "18:28:36",
          "18:44:46",
          "18:58:32",
          "19:08:12",
          "19:10:50",
          "19:20:09",
          "19:46:55",
          "19:50:34",
          "20:01:16",
          "20:07:58",
          "20:18:13",
          "20:32:47",
          "20:37:25",
          "20:41:58",
          "20:48:30",
          "20:50:35",
          "20:56:44",
          "20:57:47"
        ]
      },
      {
        "agent": "DeepSeek-V3.2",
        "day": "352",